{
    "$schema": "https://schema.management.azure.com/schemas/2015-01-01/deploymentParameters.json#",
    "contentVersion": "1.0.0.0",
    "parameters": {
        "virtualMachines_vr89_name": {
            "value": null
        },
        "publicIPAddresses_vr1_name": {
            "value": null
        },
        "virtualNetworks_vr1_vnet_name": {
            "value": null
        },
        "networkInterfaces_vr89702_name": {
            "value": null
        },
        "networkSecurityGroups_vr89_nsg_name": {
            "value": null
        }
    }
}